<application>
  <component name="ProjectJdkTable">
    <jdk version="2">
      <name value="11" />
      <type value="JavaSDK" />
      <version value="version 11.0.9" />
      <homePath value="$APPLICATION_HOME_DIR$/jbr" />
      <roots>
        <classPath>
          <root type="composite">
            <root url="jrt://C:/Program Files/JetBrains/JetBrains Rider 2020.3.2/jbr!/gluegen.rt" type="simple" />
            <root url="jrt://C:/Program Files/JetBrains/JetBrains Rider 2020.3.2/jbr!/java.base" type="simple" />
            <root url="jrt://C:/Program Files/JetBrains/JetBrains Rider 2020.3.2/jbr!/java.compiler" type="simple" />
            <root url="jrt://C:/Program Files/JetBrains/JetBrains Rider 2020.3.2/jbr!/java.datatransfer" type="simple" />
            <root url="jrt://C:/Program Files/JetBrains/JetBrains Rider 2020.3.2/jbr!/java.desktop" type="simple" />
            <root url="jrt://C:/Program Files/JetBrains/JetBrains Rider 2020.3.2/jbr!/java.instrument" type="simple" />
            <root url="jrt://C:/Program Files/JetBrains/JetBrains Rider 2020.3.2/jbr!/java.logging" type="simple" />
            <root url="jrt://C:/Program Files/JetBrains/JetBrains Rider 2020.3.2/jbr!/java.management" type="simple" />
            <root url="jrt://C:/Program Files/JetBrains/JetBrains Rider 2020.3.2/jbr!/java.management.rmi" type="simple" />
            <root url="jrt://C:/Program Files/JetBrains/JetBrains Rider 2020.3.2/jbr!/java.naming" type="simple" />
            <root url="jrt://C:/Program Files/JetBrains/JetBrains Rider 2020.3.2/jbr!/java.net.http" type="simple" />
            <root url="jrt://C:/Program Files/JetBrains/JetBrains Rider 2020.3.2/jbr!/java.prefs" type="simple" />
            <root url="jrt://C:/Program Files/JetBrains/JetBrains Rider 2020.3.2/jbr!/java.rmi" type="simple" />
            <root url="jrt://C:/Program Files/JetBrains/JetBrains Rider 2020.3.2/jbr!/java.scripting" type="simple" />
            <root url="jrt://C:/Program Files/JetBrains/JetBrains Rider 2020.3.2/jbr!/java.se" type="simple" />
            <root url="jrt://C:/Program Files/JetBrains/JetBrains Rider 2020.3.2/jbr!/java.security.jgss" type="simple" />
            <root url="jrt://C:/Program Files/JetBrains/JetBrains Rider 2020.3.2/jbr!/java.security.sasl" type="simple" />
            <root url="jrt://C:/Program Files/JetBrains/JetBrains Rider 2020.3.2/jbr!/java.smartcardio" type="simple" />
            <root url="jrt://C:/Program Files/JetBrains/JetBrains Rider 2020.3.2/jbr!/java.sql" type="simple" />
            <root url="jrt://C:/Program Files/JetBrains/JetBrains Rider 2020.3.2/jbr!/java.sql.rowset" type="simple" />
            <root url="jrt://C:/Program Files/JetBrains/JetBrains Rider 2020.3.2/jbr!/java.transaction.xa" type="simple" />
            <root url="jrt://C:/Program Files/JetBrains/JetBrains Rider 2020.3.2/jbr!/java.xml" type="simple" />
            <root url="jrt://C:/Program Files/JetBrains/JetBrains Rider 2020.3.2/jbr!/java.xml.crypto" type="simple" />
            <root url="jrt://C:/Program Files/JetBrains/JetBrains Rider 2020.3.2/jbr!/jcef" type="simple" />
            <root url="jrt://C:/Program Files/JetBrains/JetBrains Rider 2020.3.2/jbr!/jdk.accessibility" type="simple" />
            <root url="jrt://C:/Program Files/JetBrains/JetBrains Rider 2020.3.2/jbr!/jdk.aot" type="simple" />
            <root url="jrt://C:/Program Files/JetBrains/JetBrains Rider 2020.3.2/jbr!/jdk.attach" type="simple" />
            <root url="jrt://C:/Program Files/JetBrains/JetBrains Rider 2020.3.2/jbr!/jdk.charsets" type="simple" />
            <root url="jrt://C:/Program Files/JetBrains/JetBrains Rider 2020.3.2/jbr!/jdk.compiler" type="simple" />
            <root url="jrt://C:/Program Files/JetBrains/JetBrains Rider 2020.3.2/jbr!/jdk.crypto.cryptoki" type="simple" />
            <root url="jrt://C:/Program Files/JetBrains/JetBrains Rider 2020.3.2/jbr!/jdk.crypto.ec" type="simple" />
            <root url="jrt://C:/Program Files/JetBrains/JetBrains Rider 2020.3.2/jbr!/jdk.dynalink" type="simple" />
            <root url="jrt://C:/Program Files/JetBrains/JetBrains Rider 2020.3.2/jbr!/jdk.hotspot.agent" type="simple" />
            <root url="jrt://C:/Program Files/JetBrains/JetBrains Rider 2020.3.2/jbr!/jdk.httpserver" type="simple" />
            <root url="jrt://C:/Program Files/JetBrains/JetBrains Rider 2020.3.2/jbr!/jdk.internal.ed" type="simple" />
            <root url="jrt://C:/Program Files/JetBrains/JetBrains Rider 2020.3.2/jbr!/jdk.internal.jvmstat" type="simple" />
            <root url="jrt://C:/Program Files/JetBrains/JetBrains Rider 2020.3.2/jbr!/jdk.internal.le" type="simple" />
            <root url="jrt://C:/Program Files/JetBrains/JetBrains Rider 2020.3.2/jbr!/jdk.internal.vm.ci" type="simple" />
            <root url="jrt://C:/Program Files/JetBrains/JetBrains Rider 2020.3.2/jbr!/jdk.internal.vm.compiler" type="simple" />
            <root url="jrt://C:/Program Files/JetBrains/JetBrains Rider 2020.3.2/jbr!/jdk.internal.vm.compiler.management" type="simple" />
            <root url="jrt://C:/Program Files/JetBrains/JetBrains Rider 2020.3.2/jbr!/jdk.jdi" type="simple" />
            <root url="jrt://C:/Program Files/JetBrains/JetBrains Rider 2020.3.2/jbr!/jdk.jdwp.agent" type="simple" />
            <root url="jrt://C:/Program Files/JetBrains/JetBrains Rider 2020.3.2/jbr!/jdk.jfr" type="simple" />
            <root url="jrt://C:/Program Files/JetBrains/JetBrains Rider 2020.3.2/jbr!/jdk.jsobject" type="simple" />
            <root url="jrt://C:/Program Files/JetBrains/JetBrains Rider 2020.3.2/jbr!/jdk.localedata" type="simple" />
            <root url="jrt://C:/Program Files/JetBrains/JetBrains Rider 2020.3.2/jbr!/jdk.management" type="simple" />
            <root url="jrt://C:/Program Files/JetBrains/JetBrains Rider 2020.3.2/jbr!/jdk.management.agent" type="simple" />
            <root url="jrt://C:/Program Files/JetBrains/JetBrains Rider 2020.3.2/jbr!/jdk.management.jfr" type="simple" />
            <root url="jrt://C:/Program Files/JetBrains/JetBrains Rider 2020.3.2/jbr!/jdk.naming.dns" type="simple" />
            <root url="jrt://C:/Program Files/JetBrains/JetBrains Rider 2020.3.2/jbr!/jdk.naming.rmi" type="simple" />
            <root url="jrt://C:/Program Files/JetBrains/JetBrains Rider 2020.3.2/jbr!/jdk.net" type="simple" />
            <root url="jrt://C:/Program Files/JetBrains/JetBrains Rider 2020.3.2/jbr!/jdk.pack" type="simple" />
            <root url="jrt://C:/Program Files/JetBrains/JetBrains Rider 2020.3.2/jbr!/jdk.scripting.nashorn" type="simple" />
            <root url="jrt://C:/Program Files/JetBrains/JetBrains Rider 2020.3.2/jbr!/jdk.scripting.nashorn.shell" type="simple" />
            <root url="jrt://C:/Program Files/JetBrains/JetBrains Rider 2020.3.2/jbr!/jdk.sctp" type="simple" />
            <root url="jrt://C:/Program Files/JetBrains/JetBrains Rider 2020.3.2/jbr!/jdk.security.auth" type="simple" />
            <root url="jrt://C:/Program Files/JetBrains/JetBrains Rider 2020.3.2/jbr!/jdk.security.jgss" type="simple" />
            <root url="jrt://C:/Program Files/JetBrains/JetBrains Rider 2020.3.2/jbr!/jdk.unsupported" type="simple" />
            <root url="jrt://C:/Program Files/JetBrains/JetBrains Rider 2020.3.2/jbr!/jdk.xml.dom" type="simple" />
            <root url="jrt://C:/Program Files/JetBrains/JetBrains Rider 2020.3.2/jbr!/jdk.zipfs" type="simple" />
            <root url="jrt://C:/Program Files/JetBrains/JetBrains Rider 2020.3.2/jbr!/jogl.all" type="simple" />
          </root>
        </classPath>
        <sourcePath>
          <root type="composite" />
        </sourcePath>
      </roots>
      <additional />
    </jdk>
    <jdk version="2">
      <name value="1.8" />
      <type value="JavaSDK" />
      <version value="version 1.8.0_202" />
      <homePath value="$USER_HOME$/AppData/Local/JetBrains/jdk8" />
      <roots>
        <classPath>
          <root type="composite">
            <root url="jar://$USER_HOME$/AppData/Local/JetBrains/jdk8/jre/lib/charsets.jar!/" type="simple" />
            <root url="jar://$USER_HOME$/AppData/Local/JetBrains/jdk8/jre/lib/ext/access-bridge-64.jar!/" type="simple" />
            <root url="jar://$USER_HOME$/AppData/Local/JetBrains/jdk8/jre/lib/ext/cldrdata.jar!/" type="simple" />
            <root url="jar://$USER_HOME$/AppData/Local/JetBrains/jdk8/jre/lib/ext/dnsns.jar!/" type="simple" />
            <root url="jar://$USER_HOME$/AppData/Local/JetBrains/jdk8/jre/lib/ext/jaccess.jar!/" type="simple" />
            <root url="jar://$USER_HOME$/AppData/Local/JetBrains/jdk8/jre/lib/ext/jfxrt.jar!/" type="simple" />
            <root url="jar://$USER_HOME$/AppData/Local/JetBrains/jdk8/jre/lib/ext/localedata.jar!/" type="simple" />
            <root url="jar://$USER_HOME$/AppData/Local/JetBrains/jdk8/jre/lib/ext/nashorn.jar!/" type="simple" />
            <root url="jar://$USER_HOME$/AppData/Local/JetBrains/jdk8/jre/lib/ext/sunec.jar!/" type="simple" />
            <root url="jar://$USER_HOME$/AppData/Local/JetBrains/jdk8/jre/lib/ext/sunjce_provider.jar!/" type="simple" />
            <root url="jar://$USER_HOME$/AppData/Local/JetBrains/jdk8/jre/lib/ext/sunmscapi.jar!/" type="simple" />
            <root url="jar://$USER_HOME$/AppData/Local/JetBrains/jdk8/jre/lib/ext/sunpkcs11.jar!/" type="simple" />
            <root url="jar://$USER_HOME$/AppData/Local/JetBrains/jdk8/jre/lib/ext/zipfs.jar!/" type="simple" />
            <root url="jar://$USER_HOME$/AppData/Local/JetBrains/jdk8/jre/lib/jce.jar!/" type="simple" />
            <root url="jar://$USER_HOME$/AppData/Local/JetBrains/jdk8/jre/lib/jfxswt.jar!/" type="simple" />
            <root url="jar://$USER_HOME$/AppData/Local/JetBrains/jdk8/jre/lib/jsse.jar!/" type="simple" />
            <root url="jar://$USER_HOME$/AppData/Local/JetBrains/jdk8/jre/lib/management-agent.jar!/" type="simple" />
            <root url="jar://$USER_HOME$/AppData/Local/JetBrains/jdk8/jre/lib/resources.jar!/" type="simple" />
            <root url="jar://$USER_HOME$/AppData/Local/JetBrains/jdk8/jre/lib/rt.jar!/" type="simple" />
          </root>
        </classPath>
        <sourcePath>
          <root type="composite" />
        </sourcePath>
      </roots>
      <additional />
    </jdk>
    <jdk version="2">
      <name value="Android API 30 Platform" />
      <type value="Android SDK" />
      <homePath value="$USER_HOME$/AppData/Local/Android/Sdk" />
      <roots>
        <classPath>
          <root type="composite">
            <root url="jar://$USER_HOME$/AppData/Local/Android/Sdk/platforms/android-30/android.jar!/" type="simple" />
            <root url="file://$USER_HOME$/AppData/Local/Android/Sdk/platforms/android-30/data/res" type="simple" />
          </root>
        </classPath>
        <sourcePath>
          <root type="composite">
            <root url="file://$USER_HOME$/AppData/Local/Android/Sdk/sources/android-30" type="simple" />
          </root>
        </sourcePath>
      </roots>
      <additional jdk="1.8" sdk="android-30" />
    </jdk>
    <jdk version="2">
      <name value="Android API 28 Platform" />
      <type value="Android SDK" />
      <homePath value="$USER_HOME$/AppData/Local/Android/Sdk" />
      <roots>
        <classPath>
          <root type="composite">
            <root url="jar://$USER_HOME$/AppData/Local/Android/Sdk/platforms/android-28/android.jar!/" type="simple" />
            <root url="file://$USER_HOME$/AppData/Local/Android/Sdk/platforms/android-28/data/res" type="simple" />
          </root>
        </classPath>
        <sourcePath>
          <root type="composite">
            <root url="file://$USER_HOME$/AppData/Local/Android/Sdk/sources/android-28" type="simple" />
          </root>
        </sourcePath>
      </roots>
      <additional jdk="1.8" sdk="android-28" />
    </jdk>
    <jdk version="2">
      <name value="Android API 29 Platform" />
      <type value="Android SDK" />
      <homePath value="$USER_HOME$/AppData/Local/Android/Sdk" />
      <roots>
        <classPath>
          <root type="composite">
            <root url="jar://$USER_HOME$/AppData/Local/Android/Sdk/platforms/android-29/android.jar!/" type="simple" />
            <root url="file://$USER_HOME$/AppData/Local/Android/Sdk/platforms/android-29/data/res" type="simple" />
          </root>
        </classPath>
        <sourcePath>
          <root type="composite">
            <root url="file://$USER_HOME$/AppData/Local/Android/Sdk/sources/android-29" type="simple" />
          </root>
        </sourcePath>
      </roots>
      <additional jdk="1.8" sdk="android-29" />
    </jdk>
    <jdk version="2">
      <name value="Android API 30, S preview Platform" />
      <type value="Android SDK" />
      <homePath value="$USER_HOME$/AppData/Local/Android/Sdk" />
      <roots>
        <classPath>
          <root type="composite">
            <root url="jar://$USER_HOME$/AppData/Local/Android/Sdk/platforms/android-S/android.jar!/" type="simple" />
            <root url="file://$USER_HOME$/AppData/Local/Android/Sdk/platforms/android-S/data/res" type="simple" />
          </root>
        </classPath>
        <sourcePath>
          <root type="composite" />
        </sourcePath>
      </roots>
      <additional jdk="1.8" sdk="android-S" />
    </jdk>
    <jdk version="2">
      <name value="Android API 31 Platform" />
      <type value="Android SDK" />
      <homePath value="$USER_HOME$/AppData/Local/Android/Sdk" />
      <roots>
        <classPath>
          <root type="composite">
            <root url="jar://$USER_HOME$/AppData/Local/Android/Sdk/platforms/android-31/android.jar!/" type="simple" />
            <root url="file://$USER_HOME$/AppData/Local/Android/Sdk/platforms/android-31/data/res" type="simple" />
          </root>
        </classPath>
        <sourcePath>
          <root type="composite" />
        </sourcePath>
      </roots>
      <additional jdk="1.8" sdk="android-31" />
    </jdk>
  </component>
</application>