<application>
  <component name="ProjectManager">
    <defaultProject>
      <component name="Encoding" addBOMForNewFiles="with BOM under Windows, with no BOM otherwise" />
      <component name="PropertiesComponent"><![CDATA[{
  "keyToString": {
    "settings.editor.selected.configurable": "preferences.lookFeel"
  }
}]]></component>
      <component name="WindowStateProjectService">
        <state x="781" y="108" key="SettingsEditor" timestamp="1669833881194">
          <screen x="0" y="0" width="2560" height="1080" />
        </state>
        <state x="781" y="108" key="SettingsEditor/0.0.2560.1080/-1080.-67.1080.1920" timestamp="1669833881194" />
      </component>
    </defaultProject>
  </component>
</application>